

INSERT INTO `admins` (`id`, `username`, `password`, `created_at`, `updated_at`) VALUES
(1, 'mohammad91', '$2y$12$XiagMJu/EvW1o2vvp.vfbuGR1CSd6tlcGBD5bf8qRgwbUbmtG4Fp6', '2024-06-07 03:55:37', '2024-06-07 03:55:37');

INSERT INTO `sections` (`id`, `name`, `created_at`, `updated_at`) VALUES
(1, 'مطاعم', '2024-04-09 23:03:58', '2024-04-09 23:03:58'),
(2, 'صيدليات', '2024-04-09 23:03:58', '2024-04-09 23:03:58'),
(3, 'متاجر', '2024-04-09 23:03:58', '2024-04-09 23:03:58'),
(4, 'اثاث ومفروشات', '2024-04-09 23:03:58', '2024-04-09 23:03:58'),
(5, 'ملابس', '2024-04-09 23:03:58', '2024-04-09 23:03:58');


INSERT INTO `stores` (`id`, `section_id`, `name`, `image`, `address`, `latitude`, `longitude`, `discount`, `score`, `created_at`, `updated_at`) VALUES
(1, 1, 'مطعم فخري', 'Store/fakhri.jpg', 'Baghdad', '32.11', '67.12', 10, 8, '2024-04-13 23:03:40', '2024-06-12 04:53:02'),
(2, 1, 'فروج ابو العبد', 'Store/abo1.jpg', 'Baghdad, Street 12', '32.15', '67.14', 10, 0, '2024-04-13 23:05:37', '2024-04-13 23:05:37'),
(3, 1, 'تيا كافيه', 'Store/tia.jpg', 'Basrah, Street 12', '33.15', '68.1', 15, 0, '2024-04-13 23:06:54', '2024-04-13 23:06:54'),
(4, 2, 'عيادة فيفا دنت', 'Store/viva.jpg', 'Basrah, Street 22', '33.13', '68.12', 20, 0, '2024-04-13 23:08:58', '2024-04-13 23:08:58'),
(5, 1, 'مطعم خان كباب', 'Store/khan.jpg', 'babel', '34.13', '66.12', 15, 3, '2024-04-13 23:11:27', '2024-07-04 06:49:18'),
(6, 1, 'بافلاي برغر', 'Store/baflay.jpg', 'babel', '34.15', '66.15', 15, 0, '2024-04-13 23:12:47', '2024-04-13 23:12:47'),
(7, 3, 'مكتبة ميلان', 'Store/milan.jpg', 'Baghdad', '33.15', '67.15', 20, 0, '2024-04-13 23:13:50', '2024-04-13 23:13:50'),
(8, 3, 'carbon group', 'Store/carbon.jpg', 'Baghdad', '33.15', '67.15', 15, 0, '2024-04-13 23:14:59', '2024-04-13 23:14:59'),
(9, 3, 'صالون ليث', 'Store/salon.jpg', 'Baghdad', '33.15', '67.15', 20, 0, '2024-04-13 23:15:43', '2024-04-13 23:15:43'),
(10, 1, 'كينوا دايت', 'Store/kenoa.jpg', 'Baghdad', '33.15', '67.15', 20, 0, '2024-04-13 23:16:16', '2024-04-13 23:16:16');

INSERT INTO `employees` (`id`, `store_id`, `name`, `image`, `phone_number`, `created_at`, `updated_at`) VALUES
(1, 1, 'any', NULL, '+9647922222222', '2024-06-07 04:35:28', '2024-06-07 04:35:28'),
(2, 1, 'any', NULL, '+9647777777789', '2024-06-29 16:22:50', '2024-06-29 16:22:50'),
(3, 5, 'any', NULL, '+9647711111111', '2024-06-29 18:31:30', '2024-06-29 18:31:30');

INSERT INTO `subscription_offers` (`id`, `period`, `cost`, `discount`, `number_of_usage`, `created_at`, `updated_at`) VALUES
(1, 1, 3000, 0, 10, '2024-04-13 22:52:45', '2024-04-13 22:52:45'),
(2, 3, 5000, 10, 30, '2024-04-13 22:52:45', '2024-04-13 22:52:45'),
(3, 6, 9000, 20, 60, '2024-04-13 22:52:45', '2024-04-13 22:52:45');


INSERT INTO `users` (`id`, `name`, `image`, `phone_number`, `latitude`, `longitude`, `created_at`, `updated_at`) VALUES
(4, 'gshshsh', NULL, '+9647999999999', '30', '33', '2024-06-07 04:12:02', '2024-06-07 04:12:03'),
(5, 'ahn', NULL, '+9647911223344', '30', '33', '2024-06-13 02:52:00', '2024-06-13 02:52:07'),
(6, 'bhjj', NULL, '+9647936251447', '30', '33', '2024-06-13 22:31:13', '2024-06-13 22:31:14'),
(7, 'fadi', NULL, '+9647777777778', '30', '33', '2024-06-29 17:21:07', '2024-07-31 01:42:36');


INSERT INTO `verifications` (`phone_number`, `code`, `type`, `created_at`, `updated_at`) VALUES
('+9647777777777', '952331', 'user', '2024-06-29 17:19:31', '2024-06-29 17:19:31');

INSERT INTO `carts` (`id`, `user_id`, `store_id`, `total`, `created_at`, `updated_at`) VALUES
(33, 4, NULL, 0.00, '2024-07-05 22:55:13', '2024-07-05 22:55:13'),
(34, 7, NULL, 0.00, '2024-07-31 01:43:36', '2024-07-31 01:43:36');


INSERT INTO `clothing_types` (`id`, `name`, `created_at`, `updated_at`) VALUES
(1, 'T-Shirt', '2024-05-30 01:18:07', '2024-05-30 01:18:07'),
(2, 'Shoe', '2024-05-30 01:18:07', '2024-05-30 01:18:07'),
(3, 'Pants', '2024-05-30 01:18:07', '2024-05-30 01:18:07'),
(4, 'Skirt', '2024-05-30 01:18:07', '2024-05-30 01:18:07'),
(5, 'Socks', '2024-05-30 01:18:07', '2024-05-30 01:18:07'),
(8, 'Hali-h', '2024-05-31 00:30:16', '2024-05-31 00:30:16');

INSERT INTO `items` (`id`, `store_id`, `name`, `price`, `discount`, `image`, `created_at`, `updated_at`) VALUES
(1, 9, 'Marlin Barton', 171.61, 3.42, 'Items/Clothing/1717062063_IMG.jpg', '2024-05-30 01:18:07', '2024-05-30 01:18:07'),
(2, 1, 'Keenan Ferry', 166.15, 17.11, 'Items/Clothing/1717062063_IMG.jpg', '2024-05-30 01:19:52', '2024-05-30 01:19:52'),
(3, 7, 'Arielle Rohan', 176.94, 6.72, 'Items/Clothing/1717062063_IMG.jpg', '2024-05-30 01:20:57', '2024-05-30 01:20:57'),
(4, 6, 'Roslyn Braun', 101.19, 49.92, 'Items/Clothing/1717062063_IMG.jpg', '2024-05-30 01:22:31', '2024-05-30 01:22:31'),
(5, 4, 'Jalen Haley', 149.53, 31.77, 'Items/Clothing/1717062063_IMG.jpg', '2024-05-30 01:27:19', '2024-05-30 01:27:19'),
(6, 7, 'Ms. Irma Hansen DVM', 31.95, 85.56, 'Items/Clothing/1717062063_IMG.jpg', '2024-05-30 01:27:43', '2024-05-30 01:27:43'),
(7, 8, 'Malika Bayer MD', 120.16, 39.75, 'Items/Clothing/1717062063_IMG.jpg', '2024-05-30 01:35:41', '2024-05-30 01:35:41'),
(8, 4, 'Rod Swaniawski', 167.05, 90.29, 'Items/Clothing/1717062063_IMG.jpg', '2024-05-30 01:36:15', '2024-05-30 01:36:15'),
(9, 6, 'Josue Dickinson', 92.35, 78.71, 'Items/Clothing/1717062063_IMG.jpg', '2024-05-30 01:36:46', '2024-05-30 01:36:46'),
(10, 5, 'Horace Schuster DDS', 196.28, 44.71, 'Items/Clothing/1717062063_IMG.jpg', '2024-05-30 01:37:28', '2024-05-30 01:37:28'),
(11, 7, 'Dr. Myrtis Runolfsdottir MD', 24.38, 22.83, 'Items/Clothing/1717062063_IMG.jpg', '2024-05-30 01:38:14', '2024-05-30 01:38:14'),
(12, 1, 'Dr. Mackenzie Champlin IV', 108.98, 8.37, 'Items/Clothing/1717062063_IMG.jpg', '2024-05-30 01:39:58', '2024-05-30 01:39:58'),
(13, 1, 'Oversize T-shirt', 100.26, 14.50, 'Items/Clothing/1717062063_IMG.jpg', '2024-05-30 20:41:03', '2024-05-30 20:41:03'),
(14, 1, 'Oversize T-shirt', 100.26, 14.50, 'Items/Clothing/1717062063_IMG.jpg', '2024-05-30 20:44:55', '2024-05-30 20:44:55'),
(15, 1, 'teste', 100.26, 14.50, 'Items/Clothing/1717062063_IMG.jpg', '2024-05-30 20:45:30', '2024-05-30 21:19:20'),
(16, 1, 'Oversize T-shirt', 100.26, 14.50, 'Items/Clothing/1717062063_IMG.jpg', '2024-05-30 21:26:11', '2024-05-30 21:26:11'),
(17, 1, 'Oversize T-shirt', 100.26, 14.50, 'Items/Clothing/1717062063_IMG.jpg', '2024-05-30 21:26:33', '2024-05-30 21:26:33'),
(18, 10, 'Mrs. Cassie Lueilwitz', 128.49, 17.28, 'Items/Clothing/1717062063_IMG.jpg', '2024-05-30 21:29:23', '2024-05-30 21:29:23'),
(19, 1, 'Oversize T-shirt', 999999.00, 14.50, 'Items/Clothing/1717062063_IMG.jpg', '2024-05-30 23:19:54', '2024-05-30 23:19:54'),
(20, 1, 'Oversize T-shirt', 99999999.00, 14.50, 'Items/Clothing/1717062063_IMG.jpg', '2024-05-30 23:42:58', '2024-05-30 23:42:58'),
(21, 1, 'Oversize T-shirt', 99999999.99, 14.50, 'Items/Clothing/1717062063_IMG.jpg', '2024-05-30 23:43:25', '2024-05-30 23:43:25');

INSERT INTO `clothing_items` (`id`, `item_id`, `type_id`, `sizes`, `target_group`, `colors`, `material`, `created_at`, `updated_at`) VALUES
(1, 12, 2, '[\"S\",\"M\",\"L\"]', 'Men', '[\"Red\",\"Green\",\"Blue\",\"White\",\"Orange\"]', 'Cotton', '2024-05-30 01:39:58', '2024-05-30 01:39:58'),
(2, 13, 1, '[\"S\",\"M\",\"L\"]', 'Men', '[\"Red\",\"Green\",\"Blue\",\"White\",\"Orange\"]', 'Cotton', '2024-05-30 20:41:03', '2024-05-30 20:41:03'),
(3, 14, 1, '[\"S\",\"M\",\"L\"]', 'Men', '[\"Red\",\"Green\",\"Blue\",\"White\",\"Orange\"]', 'Cotton', '2024-05-30 20:44:55', '2024-05-30 20:44:55'),
(5, 16, 1, '[\"S\",\"M\",\"L\"]', 'Men', '[\"Red\",\"Green\",\"Blue\",\"White\",\"Orange\"]', NULL, '2024-05-30 21:26:11', '2024-05-30 21:26:11'),
(6, 17, 1, '[\"S\",\"M\",\"L\"]', 'Men', '[\"Red\",\"Green\",\"Blue\",\"White\",\"Orange\"]', NULL, '2024-05-30 21:26:33', '2024-05-30 21:26:33'),
(7, 18, 3, '[\"S\",\"M\",\"L\"]', 'Women', '[\"Red\",\"Green\",\"Blue\",\"White\",\"Orange\"]', 'Jeans', '2024-05-30 21:29:23', '2024-05-30 21:29:23'),
(8, 18, 4, '[\"S\",\"M\",\"L\"]', 'Women', '[\"Red\",\"Green\",\"Blue\",\"White\",\"Orange\"]', 'Cotton', '2024-05-30 21:29:23', '2024-05-30 21:29:23'),
(9, 18, 3, '[\"S\",\"M\",\"L\"]', 'Men', '[\"Red\",\"Green\",\"Blue\",\"White\",\"Orange\"]', 'Polyester', '2024-05-30 21:29:23', '2024-05-30 21:29:23'),
(10, 18, 2, '[\"S\",\"M\",\"L\"]', 'Men', '[\"Red\",\"Green\",\"Blue\",\"White\",\"Orange\"]', 'Cotton', '2024-05-30 21:29:23', '2024-05-30 21:29:23'),
(11, 18, 2, '[\"S\",\"M\",\"L\"]', 'Men', '[\"Red\",\"Green\",\"Blue\",\"White\",\"Orange\"]', 'Cotton', '2024-05-30 21:29:23', '2024-05-30 21:29:23'),
(12, 18, 3, '[\"S\",\"M\",\"L\"]', 'Children', '[\"Red\",\"Green\",\"Blue\",\"White\",\"Orange\"]', 'Polyester', '2024-05-30 21:29:23', '2024-05-30 21:29:23'),
(13, 18, 4, '[\"S\",\"M\",\"L\"]', 'Women', '[\"Red\",\"Green\",\"Blue\",\"White\",\"Orange\"]', 'Cotton', '2024-05-30 21:29:23', '2024-05-30 21:29:23'),
(14, 18, 3, '[\"S\",\"M\",\"L\"]', 'Children', '[\"Red\",\"Green\",\"Blue\",\"White\",\"Orange\"]', 'Polyester', '2024-05-30 21:29:23', '2024-05-30 21:29:23'),
(15, 18, 5, '[\"S\",\"M\",\"L\"]', 'Children', '[\"Red\",\"Green\",\"Blue\",\"White\",\"Orange\"]', 'Cotton', '2024-05-30 21:29:23', '2024-05-30 21:29:23'),
(16, 18, 3, '[\"S\",\"M\",\"L\"]', 'Men', '[\"Red\",\"Green\",\"Blue\",\"White\",\"Orange\"]', 'Polyester', '2024-05-30 21:29:23', '2024-05-30 21:29:23'),
(17, 18, 3, '[\"S\",\"M\",\"L\"]', 'BB', '[\"Red\",\"Green\",\"Blue\",\"White\",\"Orange\"]', 'Polyester', '2024-05-30 21:29:23', '2024-05-30 21:29:23'),
(18, 18, 4, '[\"S\",\"M\",\"L\"]', 'Children', '[\"Red\",\"Green\",\"Blue\",\"White\",\"Orange\"]', 'Jeans', '2024-05-30 21:29:23', '2024-05-30 21:29:23'),
(19, 18, 4, '[\"S\",\"M\",\"L\"]', 'BB', '[\"Red\",\"Green\",\"Blue\",\"White\",\"Orange\"]', 'Jeans', '2024-05-30 21:29:23', '2024-05-30 21:29:23'),
(20, 18, 2, '[\"S\",\"M\",\"L\"]', 'BB', '[\"Red\",\"Green\",\"Blue\",\"White\",\"Orange\"]', 'Jeans', '2024-05-30 21:29:23', '2024-05-30 21:29:23'),
(21, 18, 1, '[\"S\",\"M\",\"L\"]', 'Children', '[\"Red\",\"Green\",\"Blue\",\"White\",\"Orange\"]', 'Polyester', '2024-05-30 21:29:23', '2024-05-30 21:29:23'),
(22, 18, 5, '[\"S\",\"M\",\"L\"]', 'Men', '[\"Red\",\"Green\",\"Blue\",\"White\",\"Orange\"]', 'Jeans', '2024-05-30 21:29:23', '2024-05-30 21:29:23'),
(23, 18, 1, '[\"S\",\"M\",\"L\"]', 'Children', '[\"Red\",\"Green\",\"Blue\",\"White\",\"Orange\"]', 'Cotton', '2024-05-30 21:29:23', '2024-05-30 21:29:23'),
(24, 18, 5, '[\"S\",\"M\",\"L\"]', 'Women', '[\"Red\",\"Green\",\"Blue\",\"White\",\"Orange\"]', 'Jeans', '2024-05-30 21:29:23', '2024-05-30 21:29:23'),
(25, 18, 5, '[\"S\",\"M\",\"L\"]', 'Men', '[\"Red\",\"Green\",\"Blue\",\"White\",\"Orange\"]', 'Jeans', '2024-05-30 21:29:23', '2024-05-30 21:29:23'),
(26, 18, 5, '[\"S\",\"M\",\"L\"]', 'BB', '[\"Red\",\"Green\",\"Blue\",\"White\",\"Orange\"]', 'Cotton', '2024-05-30 21:29:23', '2024-05-30 21:29:23'),
(27, 19, 1, '[\"S\",\"M\",\"L\"]', 'Men', '[\"Red\",\"Green\",\"Blue\",\"White\",\"Orange\"]', NULL, '2024-05-30 23:19:54', '2024-05-30 23:19:54'),
(28, 20, 1, '[\"S\",\"M\",\"L\"]', 'Men', '[\"Red\",\"Green\",\"Blue\",\"White\",\"Orange\"]', NULL, '2024-05-30 23:42:58', '2024-05-30 23:42:58'),
(29, 21, 1, '[\"S\",\"M\",\"L\"]', 'Men', '[\"Red\",\"Green\",\"Blue\",\"White\",\"Orange\"]', NULL, '2024-05-30 23:43:25', '2024-05-30 23:43:25');



INSERT INTO `oauth_access_tokens` (`id`, `user_id`, `client_id`, `name`, `scopes`, `revoked`, `created_at`, `updated_at`, `expires_at`) VALUES
('7506be57611413589a24ff93c37ce36f753cc68018c5aab804f6b6fc7cc72f3ad72d8fb7edd0eff5', 7, 1, 'OffYaba##4', '[\"user\"]', 0, '2024-07-31 01:39:28', '2024-07-31 01:39:28', '2025-07-30 18:39:28'),
('829d8c9f719db438ed534399ac0cf38ff803cd5b535a180da2d61a401a70e46b293c2c2e46499f0e', 4, 1, 'OffYaba##4', '[\"user\"]', 0, '2024-07-04 02:20:51', '2024-07-04 02:20:51', '2025-07-03 19:20:51'),
('9d74eaadab0ed8eea698222cec127ea15904ee3e86db85b34446492a090db7279afdaca0d2f8433a', 3, 1, 'OffYaba##4', '[\"employee\"]', 0, '2024-07-02 07:16:08', '2024-07-02 07:16:08', '2025-07-02 00:16:08'),
('9ecdd45cea59578bcea2234ad7e8505ed2e66748ef6f5df244729f2b6d750593a083d0704c702e61', 2, 1, 'OffYaba##4', '[\"employee\"]', 0, '2024-07-02 06:22:04', '2024-07-02 06:22:04', '2025-07-01 23:22:04'),
('c56f27e8dfda9d3aa1409418c1a1a73e803b7b3dfc71d2f13391cbdfc55fc5fac9af722f62d419a7', 3, 1, 'OffYaba##4', '[\"employee\"]', 0, '2024-07-02 06:19:41', '2024-07-02 06:19:41', '2025-07-01 23:19:41'),
('dc6cc1473d54ec44b0b9223b9840530bfb67e2079c2c347f4d107174689df12f9af84a642a80e725', 2, 1, 'OffYaba##4', '[\"employee\"]', 0, '2024-07-04 05:15:54', '2024-07-04 05:15:54', '2025-07-03 22:15:54'),
('f397901c7896bad61d5cc7493fa618820b74948994d569500def695bae871e7b414e4a243f996d28', 3, 1, 'OffYaba##4', '[\"employee\"]', 0, '2024-07-04 05:59:14', '2024-07-04 05:59:14', '2025-07-03 22:59:14');


INSERT INTO `oauth_clients` (`id`, `user_id`, `name`, `secret`, `provider`, `redirect`, `personal_access_client`, `password_client`, `revoked`, `created_at`, `updated_at`) VALUES
(1, NULL, 'Laravel Personal Access Client', 'UCwbYlUQDOLhFGO6kZu8I5TTgsmcMhXo5wJlnTdP', NULL, 'http://localhost', 1, 0, 0, '2024-07-02 06:19:20', '2024-07-02 06:19:20'),
(2, NULL, 'Laravel Password Grant Client', 'KOWZTBtQOt3qI3aOuPD4jrgZFDTw8wIr23si9I4L', 'users', 'http://localhost', 0, 1, 0, '2024-07-02 06:19:20', '2024-07-02 06:19:20');



INSERT INTO `oauth_personal_access_clients` (`id`, `client_id`, `created_at`, `updated_at`) VALUES
(1, 1, '2024-07-02 06:19:20', '2024-07-02 06:19:20');




INSERT INTO `offers` (`id`, `store_id`, `title`, `body`, `discount`, `image`, `created_at`, `updated_at`, `price`) VALUES
(1, 1, 'عرض العائلة', 'خصم عالغداء', 10, 'Offer/four.jpg', '2024-04-13 23:35:30', '2024-04-13 23:35:30', 100.00),
(2, 1, 'عرض الاربع اضخاص', 'amaizing offer for clothes !!', 80, 'Offer/four.jpg', '2024-04-13 23:36:29', '2024-04-13 23:36:29', 100.00),
(3, 2, 'فروج عالفحم', 'فروج كامل مع الاضافات', 80, 'Offer/fahm.jpg', '2024-04-13 23:39:49', '2024-04-13 23:39:49', 100.00),
(4, 2, 'فروج مسحب', 'فروج مسحب مع التوم والمخلل', 25, 'Offer/farooj.jpg', '2024-04-13 23:40:30', '2024-04-13 23:40:30', 100.00),
(5, 3, 'خصم 10%', 'الكاتو', 25, 'Offer/cake.jpg', '2024-04-13 23:41:33', '2024-04-13 23:41:33', 100.00),
(6, 3, 'خصم 10%', 'العصائر والميلك شيك', 25, 'Offer/aseer.jpg', '2024-04-13 23:45:45', '2024-04-13 23:45:45', 100.00),
(7, 4, 'خصم 10%', 'تركيب الفينير', 10, 'Offer/veneer.jpg', '2024-04-13 23:47:34', '2024-04-13 23:47:34', 100.00),
(8, 4, 'خصم 25%', 'تبيض الاسنان الليزري', 25, 'Offer/tabeed.jpg', '2024-04-13 23:47:37', '2024-04-13 23:47:37', 100.00),
(9, 5, 'لحم بعجين', 'صفيحتين من العجين بلحم العجل', 40, 'Offer/ageen.jpg', '2024-04-13 23:47:57', '2024-04-13 23:47:57', 100.00),
(10, 5, 'شاورما عراقية', 'سندويشة كبيرة ', 30, 'Offer/776fa8f2a33bf87bf12694cb7e46229e.jpg', '2024-04-13 23:48:27', '2024-04-13 23:48:27', 100.00),
(11, 5, 'دولمة', 'صحن لاربع اشخاص', 10, 'Offer/1713012507_IMG.jpg', NULL, NULL, 100.00),
(12, 8, 'علبة البروتين', '1 كيلو', 5, 'Offer/pro.jpg', NULL, NULL, 100.00),
(13, 8, 'علبة كرياتين', '500g', 15, 'Offer/crea.jpg', NULL, NULL, 100.00);

-- --------------------------------------------------------

--

INSERT INTO `orders` (`id`, `user_id`, `store_id`, `total`, `created_at`, `updated_at`, `status`, `location`, `phone`) VALUES
(14, 4, 5, 300.00, '2024-07-04 06:50:18', '2024-07-04 06:51:02', 'يتم إيصال الطلب', 'شارع الأمير', '0999999999'),
(15, 4, 5, 400.00, '2024-07-04 06:51:33', '2024-07-04 06:51:59', 'يتم إيصال الطلب', 'شارع الصادق', '088888888');

-- --------------------------------------------------------



INSERT INTO `order_items` (`id`, `order_id`, `item_id`, `quantity`, `price`, `created_at`, `updated_at`) VALUES
(29, 14, 9, 3, 100.00, '2024-07-04 06:50:18', '2024-07-04 06:50:18'),
(30, 15, 10, 4, 100.00, '2024-07-04 06:51:33', '2024-07-04 06:51:33');


INSERT INTO `qr_codes` (`id`, `user_id`, `expiration_date`, `number_of_usage`, `period`, `created_at`, `updated_at`) VALUES
(1, 4, '2024-08-09', 10, 2, '2024-05-06 19:46:46', '2024-06-12 00:57:24'),
(2, NULL, NULL, 15, 2, '2024-05-06 19:46:46', '2024-05-06 19:46:46'),
(3, NULL, NULL, 15, 2, '2024-05-06 19:46:46', '2024-05-06 19:46:46'),
(4, NULL, NULL, 15, 2, '2024-05-06 19:46:46', '2024-05-06 19:46:46'),
(5, 4, '2024-08-11', 15, 2, '2024-05-06 19:46:46', '2024-06-12 00:40:01'),
(6, NULL, NULL, 15, 2, '2024-05-06 19:46:46', '2024-05-06 19:46:46'),
(7, NULL, NULL, 15, 2, '2024-05-06 19:46:46', '2024-05-06 19:46:46'),
(8, NULL, NULL, 15, 2, '2024-05-06 19:46:46', '2024-05-06 19:46:46'),
(9, NULL, NULL, 15, 2, '2024-05-06 19:46:46', '2024-05-06 19:46:46'),
(10, NULL, NULL, 15, 2, '2024-05-06 19:46:46', '2024-05-06 19:46:46'),
(11, NULL, NULL, 15, 2, '2024-05-06 19:46:46', '2024-05-06 19:46:46'),
(12, NULL, NULL, 15, 2, '2024-05-06 19:46:46', '2024-05-06 19:46:46'),
(13, NULL, NULL, 15, 2, '2024-05-06 19:46:46', '2024-05-06 19:46:46'),
(14, NULL, NULL, 15, 2, '2024-05-06 19:46:46', '2024-05-06 19:46:46'),
(15, NULL, NULL, 15, 2, '2024-05-06 19:46:46', '2024-05-06 19:46:46'),
(16, NULL, NULL, 15, 2, '2024-05-06 19:46:46', '2024-05-06 19:46:46'),
(17, NULL, NULL, 15, 2, '2024-05-06 19:46:46', '2024-05-06 19:46:46'),
(18, NULL, NULL, 15, 2, '2024-05-06 19:46:46', '2024-05-06 19:46:46'),
(19, NULL, NULL, 15, 2, '2024-05-06 19:46:46', '2024-05-06 19:46:46'),
(20, 4, '2024-08-11', 11, 2, '2024-05-06 19:46:46', '2024-07-04 06:49:18'),
(21, NULL, NULL, 15, 2, '2024-05-06 19:46:46', '2024-05-06 19:46:46'),
(22, NULL, NULL, 15, 2, '2024-05-06 19:46:46', '2024-05-06 19:46:46'),
(23, NULL, NULL, 15, 2, '2024-05-06 19:46:46', '2024-05-06 19:46:46'),
(24, NULL, NULL, 15, 2, '2024-05-06 19:46:46', '2024-05-06 19:46:46'),
(25, NULL, NULL, 15, 2, '2024-05-06 19:46:46', '2024-06-07 05:33:58');







INSERT INTO `work_hours` (`id`, `store_id`, `week_day`, `start_hour`, `end_hour`, `created_at`, `updated_at`) VALUES
(1, 1, 1, '10:00:00', '18:00:00', '2024-04-13 23:03:40', '2024-04-13 23:03:40'),
(2, 1, 2, '10:00:00', '14:00:00', '2024-04-13 23:03:40', '2024-04-13 23:03:40'),
(3, 2, 1, '10:00:00', '18:00:00', '2024-04-13 23:05:37', '2024-04-13 23:05:37'),
(4, 2, 2, '10:00:00', '14:00:00', '2024-04-13 23:05:37', '2024-04-13 23:05:37'),
(5, 3, 1, '10:00:00', '18:00:00', '2024-04-13 23:06:54', '2024-04-13 23:06:54'),
(6, 3, 2, '10:00:00', '14:00:00', '2024-04-13 23:06:54', '2024-04-13 23:06:54'),
(7, 4, 1, '10:00:00', '18:00:00', '2024-04-13 23:08:58', '2024-04-13 23:08:58'),
(8, 4, 2, '10:00:00', '14:00:00', '2024-04-13 23:08:58', '2024-04-13 23:08:58'),
(9, 5, 1, '10:00:00', '18:00:00', '2024-04-13 23:11:27', '2024-04-13 23:11:27'),
(10, 5, 2, '10:00:00', '14:00:00', '2024-04-13 23:11:27', '2024-04-13 23:11:27'),
(11, 6, 1, '10:00:00', '18:00:00', '2024-04-13 23:12:47', '2024-04-13 23:12:47'),
(12, 6, 2, '10:00:00', '14:00:00', '2024-04-13 23:12:47', '2024-04-13 23:12:47'),
(13, 7, 1, '10:00:00', '18:00:00', '2024-04-13 23:13:50', '2024-04-13 23:13:50'),
(14, 7, 2, '10:00:00', '14:00:00', '2024-04-13 23:13:50', '2024-04-13 23:13:50'),
(15, 8, 1, '10:00:00', '18:00:00', '2024-04-13 23:14:59', '2024-04-13 23:14:59'),
(16, 8, 2, '10:00:00', '14:00:00', '2024-04-13 23:14:59', '2024-04-13 23:14:59'),
(17, 9, 1, '10:00:00', '18:00:00', '2024-04-13 23:15:43', '2024-04-13 23:15:43'),
(18, 9, 2, '10:00:00', '14:00:00', '2024-04-13 23:15:43', '2024-04-13 23:15:43'),
(19, 10, 1, '10:00:00', '18:00:00', '2024-04-13 23:16:16', '2024-04-13 23:16:16'),
(20, 10, 2, '10:00:00', '14:00:00', '2024-04-13 23:16:16', '2024-04-13 23:16:16');
